seqIndex,prediction,distToMargin,P(-1),P(+1)
377,1,1.4365426862894741,0.008503299653165411,0.9914967003468345
134,1,1.428530455776227,0.008728530488590737,0.9912714695114092
297,1,1.4165877652204815,0.009075266786072666,0.9909247332139274
216,1,1.400686843349722,0.009558182533422579,0.9904418174665773
298,1,1.3647845377376115,0.010744097029601458,0.9892559029703984
52,1,1.332493233665487,0.011934359892537211,0.9880656401074629
217,1,1.3281048142925933,0.012105861825946486,0.9878941381740535
135,1,1.3082011066734063,0.012914752147950709,0.9870852478520494
215,1,1.2812704315656982,0.014094649896625105,0.9859053501033748
376,1,1.279344405713183,0.014182992418058675,0.9858170075819414
296,1,1.2605773296479001,0.015072848918231815,0.9849271510817683
51,1,1.2591207395105668,0.015144168937147057,0.9848558310628531
378,1,1.255552903699299,0.015320269207467088,0.9846797307925328
370,1,1.228971023053726,0.01669722874361692,0.983302771256383
218,1,1.1816407193394343,0.01945603432749203,0.9805439656725081
136,1,1.1400176265762716,0.022247678557131674,0.9777523214428682
50,1,1.1332577146913347,0.0227365731405867,0.9772634268594134
133,1,1.1229205369488562,0.023504520336219137,0.9764954796637811
127,1,1.12059559702612,0.023680692745291436,0.9763193072547085
60,1,1.114537153552835,0.024145840206636134,0.9758541597933638
53,1,1.1132592875647978,0.024245081461538788,0.9757549185384613
291,1,1.1062599738511332,0.024795748287014675,0.9752042517129854
371,1,1.0938251165613309,0.0258042301817062,0.9741957698182938
143,1,1.0680689608132243,0.02802150124004677,0.9719784987599533
299,1,1.0660238150036265,0.02820528070159752,0.9717947192984028
372,1,1.05914140811872,0.02883236832308595,0.9711676316769141
290,1,1.034068245917083,0.031233148053488338,0.9687668519465115
142,1,1.0324292769917152,0.0313966410030421,0.9686033589969578
379,1,1.030065100702307,0.03163393384935625,0.9683660661506437
209,1,1.0287495407207266,0.03176672637309964,0.9682332736269003
45,1,1.0186286324432028,0.03280648832107229,0.9671935116789278
211,1,1.0082545014280884,0.03390631912971388,0.9660936808702862
292,1,1.0032344684629344,0.034451205833718586,0.9655487941662816
295,1,1.0022126745805944,0.03456314252921827,0.9654368574707817
375,1,0.9942662248828605,0.035445701840328095,0.964554298159672
224,1,0.9873976939997933,0.03622598141736055,0.9637740185826393
58,1,0.9776919677150278,0.03735677813376183,0.9626432218662383
137,1,0.9670174332703466,0.03863957368690892,0.9613604263130909
305,1,0.9312610384289673,0.0432510777281621,0.9567489222718378
208,1,0.9235103801307116,0.044317806165869,0.955682193834131
210,1,0.9224644601316186,0.04446366318621008,0.95553633681379
128,1,0.9178397254942138,0.04511409757082293,0.9548859024291771
55,1,0.9145511690784939,0.04558210993396783,0.954417890066032
56,1,0.9110186222467684,0.04608999234133424,0.953910007658666
374,1,0.9016511525925367,0.04746296034127359,0.9525370396587266
57,1,0.8988673099974004,0.047878414678862245,0.9521215853211377
54,1,0.8968001760883665,0.048189140374500644,0.9518108596254994
303,1,0.8639687324891546,0.053387872349585364,0.9466121276504147
219,1,0.8599344687425111,0.05406208216411965,0.9459379178358803
132,1,0.8562205716031749,0.05468984461269016,0.9453101553873098
214,1,0.8515604199750398,0.05548727468216175,0.9445127253178383
289,1,0.8421382182193722,0.05713313302098001,0.94286686697902
300,1,0.8403477784178965,0.05745103171268705,0.942548968287313
49,1,0.8308780266315978,0.059160239240259524,0.9408397607597407
385,1,0.8306896850002965,0.05919471245622441,0.9408052875437755
383,1,0.8265563182429964,0.059956026146995495,0.9400439738530046
59,1,0.8245557892672603,0.06032778581664213,0.9396722141833579
129,1,0.8224172323823818,0.06072758326820407,0.9392724167317962
46,1,0.8132103043017767,0.062477288850451326,0.9375227111495487
223,1,0.8106583731135769,0.06297054447932482,0.9370294555206751
138,1,0.8048528013595967,0.06410627194911464,0.9358937280508854
213,1,0.7915332375706805,0.06678454334603967,0.9332154566539606
220,1,0.7840257408191444,0.06833967585575183,0.9316603241442482
304,1,0.7781234769426217,0.06958584762776013,0.9304141523722397
140,1,0.7765828323640355,0.06991458434820072,0.9300854156517994
369,1,0.7751049585627521,0.07023128035722001,0.9297687196427802
294,1,0.7715270096601572,0.0710035204876695,0.9289964795123304
43,1,0.7600805241664086,0.07352717771003922,0.9264728222899608
131,1,0.7588244092923357,0.07380911128157937,0.9261908887184207
293,1,0.7498146598928547,0.07586077268513312,0.9241392273148669
384,1,0.7328776654064323,0.0798604057329557,0.9201395942670442
380,1,0.7279453868953717,0.08106103873269528,0.9189389612673047
373,1,0.7255930766772561,0.0816394520688004,0.9183605479311995
48,1,0.7235526214547424,0.08214424076173286,0.9178557592382671
288,1,0.7200332502618049,0.08302161356208056,0.9169783864379194
139,1,0.7089692715014438,0.08583589513829498,0.9141641048617054
382,1,0.707803963328446,0.0861373158682306,0.9138626841317696
61,1,0.7057027683764646,0.0866832518255009,0.9133167481744991
212,1,0.6981974828761848,0.08865908685019522,0.9113409131498049
130,1,0.6789419384397292,0.09391648859882835,0.9060835114011717
225,1,0.6734170062488086,0.0954761180766083,0.9045238819233917
301,1,0.6722271207840712,0.09581504779263106,0.9041849522073689
37,1,0.6532618097336954,0.10136501556707452,0.8986349844329254
368,1,0.6520148393962699,0.10173981237883904,0.8982601876211611
222,1,0.6480594960554878,0.10293685151119375,0.8970631484888062
363,1,0.6436506717810646,0.104285912193533,0.895714087806467
386,1,0.6410406901622798,0.10509193652321766,0.8949080634767821
365,1,0.616308340493904,0.11300816152248748,0.8869918384775125
281,1,0.6003940319313117,0.1183750140459303,0.8816249859540698
221,1,0.5985721519709063,0.11900338566554457,0.8809966143344553
141,1,0.5904316693748045,0.12184661665301613,0.878153383346984
64,1,0.5875446391860978,0.12286902324003958,0.8771309767599603
44,1,0.5849958581854473,0.12377780085851955,0.8762221991414806
306,1,0.5831516729136751,0.12443896620189443,0.8755610337981057
120,1,0.576078459891132,0.12700310679870555,0.8729968932012946
286,1,0.5629343186058049,0.13188854437417596,0.8681114556258239
381,1,0.5588593980938696,0.133435296946726,0.8665647030532739
390,1,0.5533931522863205,0.13553432942676719,0.8644656705732328
367,1,0.5527885423126767,0.13576820700556208,0.8642317929944379
125,1,0.5476775125641494,0.13775893366523245,0.8622410663347673
201,1,0.5377656574835032,0.14168963181433938,0.8583103681856604
361,1,0.5321610618559848,0.14395347821792515,0.8560465217820751
232,1,0.518601861111529,0.14955503469257966,0.8504449653074202
313,1,0.5138911796990427,0.15154273355914058,0.8484572664408594
200,1,0.4962204879280476,0.1591925456920745,0.8408074543079256
202,1,0.49185272938700086,0.16113088187424482,0.8388691181257552
205,1,0.49005088813288833,0.16193602975134763,0.8380639702486522
302,1,0.48280500717031843,0.1652065103320028,0.8347934896679974
47,1,0.48170919420064856,0.16570568152021134,0.8342943184797885
360,1,0.4639238177498595,0.1739762364045114,0.8260237635954886
282,1,0.45819451697704267,0.17670857890753566,0.8232914210924642
150,1,0.44611293143985875,0.18257989442473724,0.8174201055752627
123,1,0.4427730108261385,0.18422931272025372,0.8157706872797463
119,1,0.4374071907512398,0.18690315698327645,0.8130968430167234
35,1,0.4291797738764561,0.19106040076793993,0.8089395992320603
69,1,0.4209276268057129,0.19530016020923907,0.8046998397907609
152,1,0.4196247916849497,0.19597594748677835,0.8040240525132218
151,1,0.4137773185391505,0.1990306575414777,0.8009693424585222
38,1,0.4119876076326467,0.19997266396813868,0.8000273360318615
233,1,0.40604144651059826,0.20312619494948367,0.7968738050505164
364,1,0.3948298355592407,0.20917184476428696,0.790828155235713
126,1,0.3941389646067284,0.2095486440859679,0.7904513559140324
283,1,0.3897718569838128,0.21194190068088067,0.7880580993191193
118,1,0.38560102887604936,0.21424604661452656,0.7857539533854734
206,1,0.3797793034530911,0.21749236244306952,0.7825076375569305
285,1,0.3745162908999124,0.22045734463369757,0.7795426553663025
362,1,0.36419876389753036,0.22635302521297868,0.7736469747870213
280,1,0.3630079000278434,0.2270405963718269,0.7729594036281733
284,1,0.35684677015392197,0.23062123333836307,0.7693787666616372
34,1,0.34371466295725095,0.23838359331069736,0.7616164066893026
393,1,0.3389417442399988,0.24124869967058019,0.7587513003294198
68,1,0.3371862853782254,0.24230833359581577,0.7576916664041843
312,1,0.33354582965901935,0.24451581841293024,0.7554841815870696
121,1,0.33244340254036264,0.2451869685609545,0.7548130314390454
36,1,0.32932879520891334,0.24708980305500555,0.7529101969449944
112,1,0.3280186028639292,0.24789319634685755,0.7521068036531424
204,1,0.3217616058596495,0.25175390556854094,0.748246094431459
391,1,0.31276892850160537,0.2573717950891271,0.742628204910873
29,1,0.29941786340537796,0.2658616969807515,0.7341383030192485
124,1,0.2984070079937046,0.26651170287995074,0.733488297120049
144,1,0.29666334469261624,0.26763529269568415,0.7323647073043158
117,1,0.2919018942550823,0.2707187340216593,0.7292812659783408
197,1,0.2909452688919944,0.27134091216096073,0.7286590878390393
39,1,0.289602061854009,0.27221602889327146,0.7277839711067285
307,1,0.27622977587022757,0.281023770375802,0.7189762296241979
42,1,0.2761776665976839,0.2810584296702852,0.7189415703297151
30,1,0.2754569293835104,0.28153807818637444,0.7184619218136252
62,1,0.27340918896975797,0.2829035527041386,0.7170964472958615
355,1,0.2656896695264968,0.2880869115876761,0.7119130884123241
358,1,0.2647425349362321,0.28872675297226497,0.7112732470277349
227,1,0.26170864576586295,0.290781977530062,0.7092180224699379
115,1,0.2615584548983602,0.29088394397313744,0.7091160560268627
392,1,0.2613355460968781,0.29103531836063407,0.7089646816393659
231,1,0.25946002710271276,0.29231079352854755,0.7076892064714523
311,1,0.25770980259599535,0.2935040123984069,0.7064959876015932
199,1,0.25476530755353477,0.2955178313834144,0.7044821686165855
41,1,0.24756769106104004,0.3004740270503578,0.6995259729496426
194,1,0.24675733648194736,0.30103498834700954,0.6989650116529905
234,1,0.24618502496332229,0.30143152512319304,0.698568474876807
356,1,0.22955724647872153,0.31308034981000116,0.686919650189999
314,1,0.2284334110431848,0.3138764666638096,0.6861235333361904
366,1,0.22692434258220512,0.3149472043640874,0.6850527956359126
310,1,0.2200518384195085,0.3198482854597525,0.6801517145402476
359,1,0.2167366534095464,0.3222268734479549,0.6777731265520451
387,1,0.2119836034992335,0.3256532116284281,0.6743467883715719
226,1,0.20767346703235165,0.3287764757976026,0.6712235242023977
70,1,0.2053315681719225,0.3304798815322528,0.6695201184677473
276,1,0.20393922889908447,0.3314947296464948,0.6685052703535052
308,1,0.19986572751822246,0.3344728044197478,0.665527195580252
207,1,0.19632568864401975,0.33707163830770603,0.662928361692294
113,1,0.19486903659370436,0.33814388190162903,0.6618561180983711
277,1,0.1892000139610518,0.3423326327316195,0.6576673672683803
145,1,0.18324988368171752,0.34675566801783686,0.6532443319821629
116,1,0.18320950556311486,0.34678577478933875,0.6532142252106613
147,1,0.17506671086476813,0.3528820061104091,0.647117993889591
388,1,0.17438927187540423,0.35339137857297126,0.646608621427029
146,1,0.17079329106156643,0.3523085854187054,0.6476914145812945
229,1,0.1671610787239494,0.35533062956325856,0.6446693704367414
278,1,0.16504455956830233,0.35708949854652766,0.6429105014534723
352,1,0.15542791612300752,0.3650624356221414,0.6349375643778585
196,1,0.15282429068879777,0.3672160092280918,0.6327839907719083
273,1,0.14749348831976464,0.3716190891067531,0.6283809108932468
31,1,0.1468106153604942,0.3721825354156353,0.6278174645843646
40,1,0.14199597252343535,0.3761515642344083,0.6238484357655917
198,1,0.13971894409305216,0.37802656632799314,0.621973433672007
33,1,0.13551934175196778,0.38148137206842014,0.61851862793158
272,1,0.1256535482260721,0.3895821847602113,0.6104178152397888
192,1,0.1152226462829894,0.39812766759733204,0.6018723324026679
193,1,0.10789559879038152,0.40412126838178397,0.595878731618216
279,1,0.10771212884630092,0.40427127226680626,0.5957287277331937
32,1,0.09453819150397408,0.41503525653231993,0.5849647434676801
275,1,0.08762478533841442,0.4206805857068265,0.5793194142931735
203,1,0.08028802544650532,0.42667108399217746,0.5733289160078223
353,1,0.07953628613792293,0.4272849109844727,0.5727150890155273
67,1,0.07354635023017872,0.4321764781764966,0.5678235218235034
357,1,0.07302464641032058,0.4326025762657769,0.567397423734223
111,1,0.06912209199915567,0.4357903552280289,0.5642096447719709
63,1,0.04892603326465297,0.4523037757987748,0.5476962242012251
274,1,0.04104967154309959,0.458753712131343,0.541246287868657
153,1,0.04015719305407829,0.45948495521686095,0.540515044783139
287,1,0.03636259405834546,0.46259493601244495,0.537405063987555
122,1,0.03408216324014152,0.4644646487077518,0.535535351292248
195,1,0.02875206149513381,0.4688368521794083,0.5311631478205917
114,-1,-0.02441481142085295,0.5125528564249574,0.48744714357504265
191,-1,-0.03286303369057018,0.5194967756602714,0.4805032243397286
109,-1,-0.05086088180959545,0.5342543395572068,0.465745660442793
110,-1,-0.05468516718611283,0.5373810586464981,0.4626189413535018
315,-1,-0.0804227015030973,0.5582977107933894,0.44170228920661064
230,-1,-0.08333523425345028,0.5606474564615164,0.4393525435384834
394,-1,-0.09270844298462493,0.5681801813708731,0.4318198186291269
354,-1,-0.10252511916023219,0.5760162333282711,0.4239837666717287
149,-1,-0.10555857712821881,0.5784256369866089,0.4215743630133912
28,-1,-0.1173389457288289,0.5877237663731081,0.41227623362689186
71,-1,-0.13722862657060433,0.6031875575353007,0.3968124424646993
26,-1,-0.14882567284904327,0.6120531849365273,0.3879468150634726
148,-1,-0.16006057198459273,0.6205276624017226,0.3794723375982773
65,-1,-0.16228879885589934,0.6221945830103358,0.37780541698966424
77,-1,-0.16837512702354643,0.6267238877211396,0.3732761122788605
389,-1,-0.1708456243518743,0.6285523190402527,0.37144768095974734
74,-1,-0.17992584837410328,0.6352220787433128,0.36477792125668723
66,-1,-0.20787266187959408,0.65524198804894,0.34475801195106004
228,-1,-0.21695251816240582,0.6615801519256417,0.3384198480743582
309,-1,-0.22300099695039405,0.6657572711280756,0.33424272887192447
3,-1,-0.23496148924843666,0.6777089055302253,0.32229109446977483
76,-1,-0.24075581868261342,0.6818605660804473,0.3181394339195524
27,-1,-0.26299559647871107,0.6975251276291208,0.3024748723708791
351,-1,-0.26625319511834317,0.6997826566235671,0.3002173433764328
235,-1,-0.2933261231842065,0.7181648580653245,0.28183514193467546
395,-1,-0.31355354090212767,0.7314433206984133,0.26855667930158666
157,-1,-0.3265362731067911,0.7397542943625574,0.26024570563744254
75,-1,-0.331137938642729,0.742659737000549,0.2573402629994512
2,-1,-0.33662067111251837,0.7460936861990449,0.253906313800955
85,-1,-0.3745361404597637,0.7690027511575105,0.23099724884248934
158,-1,-0.37582021101177104,0.769752710113266,0.23024728988673407
159,-1,-0.37835122039709,0.771225938681678,0.228774061318322
320,-1,-0.41004702820435246,0.7891112588566581,0.2108887411433417
271,-1,-0.4304097891230545,0.8000493488165725,0.1999506511834276
236,-1,-0.45379351304957255,0.8120785285558474,0.1879214714441524
154,-1,-0.4641260120388876,0.8172137771093099,0.1827862228906899
249,-1,-0.4674421521306841,0.8188386337839217,0.18116136621607845
169,-1,-0.4935492107776554,0.8312389121447656,0.16876108785523417
396,-1,-0.4966905393102193,0.8326844581126396,0.16731554188736036
156,-1,-0.5025187908381101,0.8353402133228199,0.1646597866771803
88,-1,-0.5034678509540937,0.8357694520725809,0.16423054792741937
240,-1,-0.5051023255974991,0.8365065804228287,0.16349341957717137
316,-1,-0.5313318447875102,0.8479741080376544,0.15202589196234548
239,-1,-0.5326559904831083,0.8485351392895149,0.15146486071048512
73,-1,-0.5399561716317037,0.8515976852296211,0.14840231477037885
237,-1,-0.5579820128774036,0.8589409517890665,0.1410590482109337
241,-1,-0.5751978583701219,0.8656683052754607,0.13433169472453937
317,-1,-0.5797478820605636,0.8674004111351118,0.13259958886488835
400,-1,-0.5806356723295757,0.8677361616506334,0.13226383834936667
155,-1,-0.5925653980265376,0.8721782651444682,0.12782173485553158
86,-1,-0.6081048915921139,0.8777729420959245,0.12222705790407566
72,-1,-0.615346450414932,0.8803073652947142,0.11969263470528578
190,-1,-0.6177906342804262,0.8811524839300058,0.11884751606999429
238,-1,-0.6304035866573495,0.8854319451397024,0.11456805486029764
6,-1,-0.6357601921300474,0.8872084523903268,0.11279154760967315
325,-1,-0.6399022243828748,0.8885656201562205,0.11143437984377949
160,-1,-0.6442958473175395,0.8899895923391992,0.11001040766080088
402,-1,-0.6446057279098522,0.8900894201509849,0.10991057984901535
108,-1,-0.6490931752063762,0.8915261683183459,0.10847383168165378
25,-1,-0.6540684145887515,0.8930997847750993,0.10690021522490084
328,-1,-0.656694696727592,0.8939223212005886,0.10607767879941142
78,-1,-0.6637654994030604,0.8961091797262386,0.10389082027376126
244,-1,-0.6725935560758776,0.898783502644334,0.10121649735566593
404,-1,-0.6745789161967988,0.8993764621071993,0.10062353789280093
4,-1,-0.6746576785814087,0.8993999220081799,0.10060007799182008
403,-1,-0.6813323917570795,0.9013704530290539,0.09862954697094599
350,-1,-0.6854647695625412,0.9025731335238122,0.09742686647618774
405,-1,-0.6893741038099931,0.9036988399012448,0.09630116009875529
321,-1,-0.6899267701447621,0.9038570413413509,0.09614295865864902
318,-1,-0.6931220300673196,0.9047671426589796,0.09523285734102048
399,-1,-0.6983986255166957,0.9062531986657474,0.09374680133425245
324,-1,-0.698670973680179,0.906329333494891,0.09367066650510923
83,-1,-0.6987562201185178,0.9063531527104779,0.093646847289522
164,-1,-0.7069681278577602,0.9086223659812683,0.09137763401873167
168,-1,-0.7086700371239,0.9090864286325475,0.09091357136745265
323,-1,-0.7213642168292467,0.9124813250986306,0.08751867490136933
162,-1,-0.7306497141782201,0.9148915989948317,0.08510840100516813
397,-1,-0.7329714605695757,0.9154847848412684,0.08451521515873166
81,-1,-0.7457187859278854,0.9186752006454325,0.0813247993545675
167,-1,-0.7492536372579084,0.9195402712476539,0.08045972875234628
243,-1,-0.7518528784991603,0.9201710077207391,0.07982899227926105
87,-1,-0.7541371265823533,0.9207215761613357,0.07927842383866435
246,-1,-0.7640432979244228,0.9230692863975262,0.07693071360247379
331,-1,-0.7763938480374719,0.9259069846322977,0.07409301536770226
5,-1,-0.7912372211449741,0.9291898914828686,0.07081010851713133
338,-1,-0.8152852091450515,0.9342244380033407,0.06577556199665917
10,-1,-0.8237842415013541,0.9359227746655632,0.06407722533443662
319,-1,-0.8241475136402474,0.9359944483614078,0.06400555163859241
82,-1,-0.8264967097765868,0.9364561449662158,0.06354385503378421
322,-1,-0.8459723658018962,0.9401658059512339,0.05983419404876592
9,-1,-0.8532933709483626,0.9389075252944714,0.06109247470552843
245,-1,-0.8561977140238032,0.939470887929245,0.060529112070754953
91,-1,-0.8625785860679596,0.9406914579556147,0.05930854204438539
270,-1,-0.867066571857313,0.9415359908985754,0.05846400910142448
248,-1,-0.8684560106663523,0.9417951379550809,0.05820486204491916
265,-1,-0.8703330409514514,0.9421435016949007,0.05785649830509939
250,-1,-0.8733110851036169,0.9426921593878654,0.057307840612134564
165,-1,-0.8776845018095294,0.9434889642039718,0.056511035796028106
398,-1,-0.8807032728671447,0.9440328198206126,0.05596718017938743
345,-1,-0.881649770117825,0.9442023130651037,0.055797686934896146
189,-1,-0.8850414431800672,0.9448056781278739,0.055194321872126244
347,-1,-0.8877108611405413,0.9452761890843447,0.054723810915655216
107,-1,-0.8896993918125814,0.945624203866249,0.05437579613375104
170,-1,-0.8937179821169579,0.9463210783382616,0.05367892166173844
163,-1,-0.8957745392750296,0.946674410361136,0.05332558963886399
92,-1,-0.8966957606521307,0.9468319627755282,0.05316803722447189
326,-1,-0.9067971599386155,0.9485306554480146,0.0514693445519854
242,-1,-0.9256896905255774,0.951569219683467,0.04843078031653297
259,-1,-0.9286418423541316,0.9520281856253948,0.04797181437460529
173,-1,-0.9311012386741809,0.9524073461982949,0.04759265380170502
252,-1,-0.9329081813907459,0.9526840793266765,0.04731592067332344
251,-1,-0.9361637364715873,0.9531787609060411,0.04682123909395889
79,-1,-0.938420617390611,0.9535187650062851,0.04648123499371488
401,-1,-0.9461994551891263,0.9546725095615102,0.04532749043848975
161,-1,-0.9588747825177837,0.9564934605352879,0.04350653946471198
98,-1,-0.962561267743627,0.9570096387527525,0.04299036124724752
80,-1,-0.9646086824251069,0.9572937478413613,0.04270625215863857
93,-1,-0.9679299161825603,0.9577507512079761,0.04224924879202384
344,-1,-0.9687054478137798,0.9578567797070607,0.042143220292939154
104,-1,-0.976954961119855,0.958968765152313,0.041031234847687066
186,-1,-0.9838903649063061,0.9598815156971573,0.04011848430284275
329,-1,-0.9904895287943994,0.9607316601151381,0.03926833988486189
185,-1,-1.017263228882788,0.9640042185704859,0.03599578142951403
266,-1,-1.0236104397272319,0.9647400791293925,0.03525992087060742
174,-1,-1.027227127722337,0.965152773477141,0.03484722652285905
268,-1,-1.0305731895657686,0.9655303734577776,0.03446962654222247
8,-1,-1.044830305164208,0.9670948343426342,0.03290516565736579
256,-1,-1.0470213236091954,0.9673290028415605,0.032670997158439526
89,-1,-1.0479115351677843,0.9674236776649245,0.03257632233507537
179,-1,-1.0483335667817035,0.9674684669766321,0.032531533023367885
188,-1,-1.0500043308791,0.9676451890011433,0.03235481099885684
172,-1,-1.0504593589105722,0.9676931552463568,0.03230684475364329
175,-1,-1.0507900854652124,0.9677279745769986,0.03227202542300148
349,-1,-1.0539077878893608,0.9680544046410909,0.03194559535890915
269,-1,-1.0557114359486208,0.9682417674202407,0.031758232579759245
336,-1,-1.0598907748609034,0.9686717773654101,0.03132822263458989
254,-1,-1.0657302716574344,0.9692630303184372,0.03073696968156285
332,-1,-1.0694895073615351,0.9696378351792813,0.03036216482071858
343,-1,-1.0726822811752297,0.9699526285593856,0.030047371440614472
100,-1,-1.0898873870130559,0.971594458476391,0.02840554152360901
22,-1,-1.093878585094258,0.971962508520452,0.028037491479548145
171,-1,-1.094971274029726,0.9720624487714427,0.0279375512285574
339,-1,-1.10291641375077,0.9727786419223752,0.027221358077624963
255,-1,-1.1039514341223071,0.9728705971831165,0.02712940281688345
105,-1,-1.106597090299247,0.9731042565388242,0.026895743461175865
264,-1,-1.1067679268579869,0.9731192760382255,0.026880723961774565
348,-1,-1.1093564909322953,0.9733458450910822,0.02665415490891785
23,-1,-1.1111590956307373,0.97350250681884,0.026497493181160073
253,-1,-1.111601378100186,0.9735408058147698,0.026459194185230243
17,-1,-1.1177662225806257,0.9740689862340446,0.025931013765955385
84,-1,-1.1341748484083038,0.9754245749268439,0.024575425073156028
330,-1,-1.137886049252331,0.9757213193990423,0.024278680600957645
16,-1,-1.1395405084156667,0.9758524634381192,0.02414753656188097
261,-1,-1.1423287655780268,0.976071895931518,0.02392810406848199
334,-1,-1.1543903504583235,0.976998611658867,0.02300138834113285
267,-1,-1.1581081765895074,0.9772770270411224,0.022722972958877687
166,-1,-1.1590884961949095,0.9773498819673734,0.022650118032626454
24,-1,-1.1611480013142024,0.9775021863306484,0.02249781366935151
180,-1,-1.1629132176686066,0.9776319195665164,0.02236808043348353
335,-1,-1.1696289466684486,0.9781187465738385,0.021881253426161457
346,-1,-1.1895579406124868,0.9795024167921627,0.020497583207837403
7,-1,-1.1898547195916755,0.9795223520615506,0.020477647938449483
258,-1,-1.190420222867412,0.979560284863711,0.02043971513628898
337,-1,-1.1938437653951464,0.9797884446480081,0.020211555351991855
182,-1,-1.2122826128053528,0.9809744981346057,0.01902550186539445
340,-1,-1.212832065260177,0.981008759495574,0.01899124050442602
333,-1,-1.226252822863187,0.9818268433313319,0.018173156668668086
90,-1,-1.2318855881555353,0.9821596731501584,0.01784032684984161
260,-1,-1.2365447298612904,0.9824303889292401,0.017569611070760112
18,-1,-1.248198672943922,0.9830897774120214,0.01691022258797858
341,-1,-1.2570615228892041,0.9835747129605622,0.01642528703943786
184,-1,-1.266068782353265,0.9840533731661539,0.01594662683384618
187,-1,-1.2940166571466463,0.9854519483778167,0.014548051622183351
178,-1,-1.3022350380992473,0.985839470025612,0.014160529974387999
263,-1,-1.3036391009917732,0.9859046396612422,0.014095360338757851
106,-1,-1.3139270680477608,0.9863731265287519,0.01362687347124806
181,-1,-1.329915653741563,0.9870705924901296,0.012929407509870317
11,-1,-1.3385552848919369,0.9874325474693718,0.012567452530628258
1,-1,-1.3389545742572828,0.9874490291482279,0.012550970851772092
15,-1,-1.3411006867631612,0.9875372468636257,0.012462753136374335
183,-1,-1.341255511045752,0.9875435870813714,0.012456412918628628
99,-1,-1.353277832389274,0.9880262180385005,0.011973781961499504
101,-1,-1.3674794182805734,0.988572362023465,0.011427637976534902
257,-1,-1.3933034349871576,0.9895025699331108,0.010497430066889255
176,-1,-1.3964916271147938,0.9896120423645353,0.01038795763546476
177,-1,-1.4005802046508433,0.9897507654305107,0.01024923456948945
95,-1,-1.4079819112772907,0.989997214655971,0.01000278534402903
94,-1,-1.417208887143904,0.9902961720686421,0.009703827931357946
97,-1,-1.4233154654712747,0.9904891059681622,0.009510894031837688
21,-1,-1.4280033054907975,0.990634613368815,0.009365386631185036
12,-1,-1.4348749229773838,0.9908438967188897,0.009156103281110195
103,-1,-1.444783643218585,0.991137484525941,0.008862515474058936
262,-1,-1.4541722810675997,0.9914069848607857,0.00859301513921423
102,-1,-1.511647935029864,0.9928873493729968,0.00711265062700321
13,-1,-1.5186544416639312,0.9930494321943524,0.006950567805647622
96,-1,-1.5190987939232006,0.993059586149899,0.006940413850100945
247,-1,-1.5236594006913553,0.9931629484383878,0.006837051561612201
342,-1,-1.5503249450532537,0.9937372427592349,0.006262757240765122
19,-1,-1.5620767217013132,0.9939747892774168,0.006025210722583224
327,-1,-1.6464588419919826,0.9954356573849088,0.004564342615091164
14,-1,-1.6488871489688077,0.995471987694286,0.004528012305713909
20,-1,-1.699912349002599,0.9961719471904548,0.0038280528095452383
